,Price
4433,6.5
4332,4.8
4027,3.75
3542,16.67
3181,48.0
942,4.94
3003,32.5
4931,9.05
1001,9.5
4643,3.71
4624,11.95
5285,5.7
5733,8.25
1873,9.0
4455,4.5
3034,1.46
1466,28.79
3829,32.5
122,9.35
5704,21.0
1622,2.35
5323,31.75
1547,6.15
51,4.25
4780,7.0
5137,7.5
4933,4.25
5856,4.0
1587,30.29
3741,9.9
2654,5.39
4895,2.49
4599,10.9
260,45.77
2108,33.63
2980,34.88
5289,5.5
2442,56.5
2014,11.9
2213,22.0
4417,32.0
2711,7.76
1391,6.48
3743,5.25
1937,21.6
651,7.5
4603,5.75
3954,4.88
3449,3.6
2668,9.13
2921,5.75
4911,10.0
4030,3.55
3224,5.25
1360,7.48
5671,6.19
4524,3.75
4756,6.79
471,56.0
1306,17.5
3067,7.65
483,3.43
5400,17.75
1539,72.94
3925,34.18
1589,7.54
4692,23.68
3249,3.0
1346,3.2
5616,19.75
2448,44.0
1318,13.5
2351,6.29
3827,3.8
3941,7.5
3916,4.95
490,4.8
2506,9.47
401,7.25
4682,5.85
2482,5.4
3256,25.12
5775,100.0
4061,3.3
2679,5.86
1977,3.75
4964,6.3
903,9.14
683,7.88
3841,15.0
2859,2.4
200,10.0
1264,34.0
3951,21.5
1451,6.25
5116,4.15
3702,5.15
4191,8.85
518,10.75
4187,13.5
1072,12.0
923,5.85
2177,5.11
5313,3.9
5557,17.55
5194,3.0
1723,5.1
1213,45.62
2532,35.0
1379,25.0
5418,3.25
5820,4.7
5099,4.57
4120,2.49
2118,11.73
1418,2.9
249,3.75
4331,0.99
4161,3.55
4586,4.4
3314,4.75
1680,7.55
3936,3.95
28,9.9
5082,12.5
4562,6.5
3309,1.8
4628,6.25
3779,7.1
2928,2.85
5678,3.7
1147,5.7
5255,7.75
2174,7.5
1576,4.0
2423,17.85
1769,4.95
2303,22.0
4015,1.8
2505,5.5
227,7.0
67,35.67
151,3.5
2135,12.0
3191,23.8
3909,16.25
2897,5.49
2785,4.76
5046,3.29
2879,16.9
4656,4.85
2198,2.35
811,7.5
4511,6.9
2669,2.25
3484,6.8
1263,4.5
285,18.64
5041,9.44
941,1.2
2539,3.52
2431,8.95
2399,4.5
1554,7.5
4777,4.25
1291,5.72
1126,4.77
2331,2.75
4744,3.1
2021,2.5
3510,16.0
3460,3.0
4466,5.49
1256,3.5
4405,5.0
5639,2.6
1335,2.85
2651,5.9
4936,8.24
4731,4.5
43,4.74
5273,4.0
3557,3.65
124,5.25
173,22.95
119,2.45
3586,7.75
3626,13.75
2638,7.25
4512,20.72
3122,4.0
3886,5.35
4622,22.0
2754,5.0
3397,10.75
5582,6.0
479,1.6
31,6.75
1911,1.37
5604,20.67
3185,7.9
3949,27.5
4216,1.55
978,3.8
4064,7.98
875,23.99
4915,4.3
4837,15.0
487,3.6
4616,5.45
3806,5.4
3374,6.16
5596,3.19
1613,7.78
5081,8.45
4394,9.5
3991,6.5
5215,10.0
3924,6.0
3015,3.0
3378,6.6
4284,5.2
2558,14.25
2569,5.9
305,10.6
1426,5.75
542,5.0
1302,8.18
3276,6.11
5375,5.65
1694,8.48
5684,5.75
4956,2.19
446,6.5
3826,12.5
5506,5.65
1237,11.97
245,21.99
1254,27.35
2717,50.0
3208,2.8
5861,45.0
4312,3.65
1560,4.0
4649,24.85
4920,1.65
751,6.25
1590,6.84
5628,6.94
5498,7.65
288,26.78
613,25.0
604,3.85
115,7.0
1171,18.98
4888,15.5
3681,4.0
3478,5.2
3083,5.5
21,8.25
3677,6.5
3134,39.75
1988,4.8
5173,1.1
3123,3.65
4109,3.5
4884,12.08
2082,10.3
2022,8.95
2154,4.3
4854,7.9
1091,9.19
1000,13.28
1629,4.25
891,8.65
4372,3.4
2479,4.9
4588,4.12
165,3.65
3513,12.5
3316,9.15
577,24.22
3507,8.0
1129,7.3
2327,16.52
1507,6.73
2045,21.0
4068,6.55
2972,3.0
2824,11.0
5615,3.99
4600,2.45
2263,4.45
268,4.35
5202,6.9
637,23.89
4185,1.9
4164,7.96
2421,4.78
3984,3.0
1527,11.5
1973,6.29
740,35.55
2719,14.25
558,1.5
1981,17.11
5732,35.0
2597,15.5
5744,10.25
4374,7.97
1119,16.0
216,3.7
2018,2.65
1,12.5
639,4.15
1533,3.85
5427,6.5
3157,8.25
5326,2.75
2152,3.4
24,2.85
5670,5.5
665,6.0
1744,1.3
5666,5.84
5282,5.5
5425,2.9
5026,5.75
2020,2.1
5220,7.4
1096,3.11
5325,21.0
5381,3.5
505,1.0
5360,4.25
3069,4.75
1118,13.25
5801,8.0
3601,3.25
3147,4.75
345,2.7
1485,3.0
1037,3.2
1703,2.62
3098,3.45
2407,8.47
1996,2.4
4762,5.5
1526,7.0
3945,3.25
3294,8.61
4788,3.99
1017,4.6
3612,3.2
1776,4.7
753,1.46
5720,4.05
5103,3.25
4278,4.3
4445,33.75
5080,8.14
4408,7.93
3913,3.9
2347,9.0
2342,6.42
2376,2.59
4326,3.5
464,4.24
4703,3.1
1856,1.6
1631,4.9
2557,3.21
1061,3.3
480,4.15
3095,3.5
1814,14.4
2730,64.95
3655,2.35
4996,2.5
5051,4.52
4725,2.75
1465,3.0
3372,8.99
1567,6.25
2507,1.95
1778,17.45
1942,4.25
3071,3.1
2996,4.68
2111,25.02
462,33.5
1959,16.5
5807,2.51
4467,19.0
2003,5.2
4543,9.25
468,3.55
3971,3.79
1452,5.8
2468,53.11
2446,5.89
4114,40.66
137,3.7
1247,5.99
3017,3.25
2738,7.31
5460,4.85
5065,4.75
1656,10.95
1686,2.2
3550,5.49
5192,5.48
4506,2.95
547,5.6
242,3.7
1962,2.99
1692,9.2
2500,12.6
244,1.75
1204,21.0
2138,4.75
4805,5.21
4448,1.68
4819,5.0
2860,6.5
2001,7.45
1519,48.0
4521,3.8
5831,1.0
3291,4.27
3007,3.5
2298,4.5
2649,9.19
4919,4.8
1032,2.2
4111,7.75
4625,2.5
1440,8.9
1482,9.25
1085,9.23
5089,5.37
1731,5.75
5790,3.1
5123,4.35
2205,21.0
1345,1.8
4514,13.9
4425,6.99
3898,52.5
5813,4.0
5343,4.5
5379,2.6
4477,32.91
5750,13.2
1850,4.0
293,2.58
3064,36.15
2797,24.0
5817,14.85
1073,38.94
535,6.5
4916,11.0
2830,8.2
2739,7.1
730,8.46
5458,2.6
3845,2.25
5788,4.35
508,6.37
1288,6.06
4310,2.8
4092,2.9
1199,4.0
3472,8.75
1078,6.45
5461,27.0
1618,2.74
4981,5.6
3465,3.47
934,9.95
1910,7.75
116,7.5
516,8.36
4904,6.95
5793,6.22
5386,6.6
1338,6.75
682,25.46
2363,1.65
4645,4.9
1169,1.55
3339,3.8
1002,14.01
3061,16.8
733,5.2
5294,16.36
2905,7.25
5525,1.95
1861,15.5
4615,15.96
5408,6.3
2771,2.85
2572,7.5
2694,3.95
5239,30.5
3400,75.0
669,4.38
580,24.82
2693,6.75
2969,1.1
1741,2.4
3565,14.25
393,27.95
3605,1.05
546,5.65
5187,6.15
821,3.95
3198,1.25
3594,1.49
885,3.61
4423,1.35
3212,15.0
5768,9.5
1093,2.99
4328,8.7
4007,2.78
5376,48.22
5453,2.3
4859,3.9
2192,5.5
1879,2.6
1635,3.25
5532,9.27
4062,5.85
1006,2.3
455,51.43
1825,2.9
660,5.9
135,3.95
1754,2.9
3422,2.1
2550,6.5
3268,6.62
3120,6.91
2220,10.75
2422,1.7
5766,1.3
1642,5.39
5624,2.75
3271,3.5
4239,23.0
3579,8.36
4147,1.5
944,4.8
4060,3.6
4738,2.65
223,3.6
593,2.44
4205,3.25
3530,16.09
128,5.81
3481,19.5
670,2.75
22,23.5
2461,10.0
5179,25.49
5006,3.9
391,4.95
2856,4.2
4222,5.35
3891,3.2
1620,4.76
396,29.67
3524,3.99
1024,4.5
4224,5.87
118,10.95
1337,9.45
3780,1.25
146,6.25
4140,1.8
4548,4.4
5127,3.2
2257,4.65
2663,4.25
369,26.5
2415,6.0
3541,1.6
3660,3.25
3937,4.8
413,5.75
4337,13.2
1010,4.8
5526,4.0
5536,2.8
1898,5.79
4898,2.69
5608,2.95
695,19.5
395,25.71
1276,3.49
4180,1.0
2051,3.7
4308,16.58
5850,2.27
736,2.5
2725,6.99
937,1.8
2179,22.99
3783,5.0
3248,3.95
4663,2.75
1153,5.9
208,10.5
2546,1.5
1094,3.89
887,20.0
4747,52.54
4104,2.75
3319,16.77
5630,6.0
578,5.45
1462,8.27
1467,5.45
5191,4.25
3251,6.14
1568,1.15
5769,4.5
3884,2.7
552,3.35
4817,24.37
1639,2.25
3394,7.72
2173,6.63
5013,9.65
5342,6.22
1317,14.4
3136,7.0
3742,2.05
504,2.55
2389,10.25
4168,2.65
2673,3.1
4632,4.5
3639,4.87
625,12.5
1347,45.86
4766,45.0
2439,25.75
5371,6.0
825,1.75
1756,5.5
3121,9.75
2176,3.0
1719,2.9
373,3.75
2751,2.8
931,1.89
2300,3.67
4317,18.25
2777,3.63
1453,5.0
3506,4.25
2260,9.8
2088,2.35
5247,3.55
849,6.75
1212,32.0
1708,4.25
3706,1.45
564,33.0
5648,3.8
3390,3.5
1173,7.75
1429,3.8
1384,8.25
1201,2.1
3986,3.35
3066,9.24
4997,2.65
2724,5.5
5422,5.09
610,2.9
4434,4.25
4071,11.45
3990,2.65
4875,32.57
5261,6.75
3888,15.45
3511,2.75
4291,6.7
4154,2.21
2763,14.5
2852,5.25
800,4.25
2637,11.5
3705,3.75
4843,19.99
3547,2.6
4864,5.5
3879,9.03
3960,2.25
3560,6.45
3598,3.5
1148,8.0
1013,7.61
4175,2.6
5860,2.75
5374,2.3
196,6.0
2953,12.75
4701,1.22
3049,2.02
4199,6.82
4897,5.95
2345,7.75
4117,4.49
254,18.0
3538,30.45
1393,5.0
1537,6.5
2742,3.55
1468,3.95
3028,3.85
2688,4.5
410,12.03
1319,3.15
2620,5.6
2002,2.1
4832,3.25
5045,11.75
3931,7.68
617,5.9
5227,5.75
1154,7.2
4571,16.5
226,19.64
3395,12.0
3058,10.0
865,3.55
363,7.1
5787,2.8
4048,8.5
1353,6.2
2652,9.51
1095,11.73
4091,4.49
999,7.99
5262,9.73
3768,2.1
5228,3.45
423,2.0
269,3.26
3939,6.25
2183,5.99
994,6.33
1008,67.0
1623,24.5
1380,2.8
5059,2.7
3259,4.33
1607,38.0
707,3.1
4604,5.0
2903,2.25
2110,12.95
4202,2.8
3515,2.7
4401,6.34
425,3.75
4053,2.6
3790,5.72
1374,2.5
3020,3.2
965,16.0
1912,2.1
1806,3.8
2112,3.95
4972,3.3
4398,4.0
5079,2.95
4029,2.25
919,7.2
4530,3.75
3747,2.6
5853,5.25
3006,3.5
1599,1.4
2555,3.4
5101,4.9
3570,8.3
2691,5.5
579,44.0
1830,19.65
5638,6.1
2012,4.5
1220,2.0
1046,10.49
5248,6.35
847,12.5
3457,12.0
4233,0.85
2819,14.5
2361,3.9
3643,2.9
7,17.5
636,3.0
4568,2.39
649,5.43
3788,5.75
4369,1.6
3060,3.38
1480,5.37
4697,5.29
3124,10.75
4949,9.88
5810,11.5
5470,3.1
3164,3.75
1266,5.25
3717,5.4
12,5.6
5828,5.75
3327,5.63
2033,13.5
1388,5.75
3262,12.5
1198,9.45
2639,8.0
3587,18.0
4547,7.2
4667,24.0
1486,4.0
4907,2.75
1515,7.23
1430,16.35
2991,5.8
4431,6.17
5042,10.77
4214,5.5
4794,8.42
4723,8.75
3127,3.7
3277,3.75
2480,5.95
4435,4.75
1439,6.0
5485,10.95
5124,8.9
3638,7.22
179,4.2
2472,70.15
29,4.0
1313,6.93
3848,3.46
1376,1.59
1323,3.6
684,36.0
1497,2.9
2949,14.23
4660,1.75
1191,0.77
4664,13.0
5365,2.71
1737,5.23
5241,23.0
2251,13.9
2276,1.5
3963,22.45
2998,3.46
2019,9.0
3458,0.8
5243,9.48
2881,4.34
2536,2.75
868,21.8
581,11.69
3438,2.19
3727,3.87
4225,5.36
5186,6.5
2913,17.75
2582,2.65
4728,12.5
878,2.85
837,32.8
4393,4.75
5675,3.0
2718,9.0
3819,1.6
4666,5.84
838,0.7
3303,43.0
656,5.25
3518,5.25
278,6.9
2833,2.9
1844,3.75
703,11.0
2063,1.0
4173,7.75
1311,30.0
2587,6.7
5104,6.25
1469,16.0
841,5.57
5151,19.0
5450,3.55
4089,3.25
3307,3.85
2908,5.1
2057,24.5
206,8.15
4960,14.0
3529,1.75
4807,4.72
2223,3.5
3175,4.5
774,11.99
484,2.55
57,2.07
5366,2.7
899,2.29
5490,10.5
4231,3.47
1728,4.0
5402,13.39
4262,7.67
3953,7.99
3699,8.32
5404,18.36
4787,12.26
5085,8.0
2237,4.45
2271,2.19
4684,6.5
1394,7.75
1012,3.5
4845,9.45
3176,14.5
3336,4.75
3340,16.68
4963,5.3
2084,3.2
4749,6.95
4610,0.85
459,6.8
2561,0.8
5396,4.6
1675,12.0
3443,10.28
2441,2.0
5109,8.75
3537,21.9
1167,12.75
1165,5.68
180,6.75
4759,4.4
2947,6.75
2537,31.5
5633,1.95
1375,5.5
2013,4.15
1252,4.85
3044,9.51
1888,7.3
1472,2.6
3238,6.75
1373,28.75
415,9.89
5015,1.1
4253,4.75
4683,6.95
4497,5.43
4799,30.0
1181,6.4
2188,13.7
2727,4.2
2756,6.5
1475,6.17
1823,10.85
2144,3.5
232,7.2
1817,38.95
4237,10.05
361,20.0
486,6.25
3766,24.51
4462,8.0
4251,3.7
1111,1.75
4324,3.5
5849,30.54
5035,3.95
691,4.7
3204,11.99
1190,3.4
1157,1.95
4923,1.65
1858,9.96
2680,39.62
3578,6.41
4857,16.27
2360,17.99
4169,4.75
5436,7.9
4709,3.95
1158,6.55
129,2.6
1853,16.11
2416,1.65
143,37.0
5158,8.15
1422,39.5
3126,49.22
5707,35.92
3650,3.9
4045,4.5
3413,6.0
202,11.96
3092,28.63
273,4.28
1798,8.2
697,43.35
4535,5.55
3997,21.5
1484,7.99
228,3.87
2115,5.5
5246,5.5
2644,5.6
3894,2.9
1903,1.75
5240,5.6
5812,4.68
877,27.0
2241,13.95
2388,5.5
5447,7.4
1224,7.0
1235,14.35
2153,4.5
723,1.15
1056,2.5
414,3.2
4621,6.25
3013,6.35
3671,9.99
5359,12.65
2206,17.5
959,13.8
797,2.49
52,3.3
3753,1.5
2849,22.5
5665,3.4
3752,3.25
3321,3.65
3399,28.55
1813,5.9
4752,3.45
1960,5.0
2043,5.25
4446,17.51
307,8.25
1743,5.49
3869,4.9
2702,9.5
3235,6.25
5094,5.15
2985,5.85
771,9.75
2483,23.45
2527,5.9
3455,9.75
4711,10.0
957,1.45
2160,3.0
2601,2.25
3228,4.5
2548,2.5
2196,12.5
1339,7.75
3330,1.2
4275,52.0
1087,5.19
199,19.9
1868,7.48
5206,8.6
631,20.5
2494,5.17
5500,5.64
3968,9.25
3712,3.75
2061,5.5
1200,32.25
2607,4.99
416,6.58
454,14.45
2129,2.74
908,13.55
1329,9.1
788,3.5
5157,6.3
3972,160.0
3732,5.0
2696,8.4
4874,7.22
3186,1.88
1561,13.0
1363,3.5
4507,23.0
5267,5.45
3407,8.7
4095,31.0
5782,45.52
5550,2.83
4717,2.13
330,7.15
3220,3.1
2261,78.8
1196,2.0
4737,5.38
2367,2.0
5351,3.25
576,6.2
4811,36.0
5413,3.75
2948,28.88
4970,2.81
5770,2.25
4655,2.95
901,1.65
1156,6.0
2232,5.25
3182,4.45
5107,29.0
2826,5.75
2853,11.75
2436,5.99
4673,9.4
2319,8.3
663,3.55
5857,2.2
1504,2.6
2307,6.0
544,17.0
983,4.3
679,16.5
5802,2.45
5341,44.76
4987,2.45
1370,7.85
2456,34.51
2309,3.9
3718,4.75
1654,4.25
3428,12.46
632,2.75
2895,4.05
191,3.25
194,6.5
560,6.12
4419,3.95
3736,3.0
2279,4.5
35,1.85
2825,15.5
4954,3.55
806,8.2
5749,1.3
332,3.5
3735,41.5
5363,3.3
2714,4.05
3696,25.71
1274,15.95
2015,2.1
3488,35.0
718,3.2
4143,3.15
3961,38.0
4650,12.25
4167,13.0
239,8.45
3261,4.25
2504,2.9
1022,8.95
2933,3.49
3158,65.0
2085,4.85
696,17.0
1845,10.97
497,8.58
225,2.5
389,2.75
4204,2.7
5115,25.72
1611,4.65
2516,6.5
1315,7.9
3918,6.17
4429,3.97
1502,7.29
5571,2.15
3045,2.39
1221,3.65
1606,7.08
845,3.68
1860,3.65
1495,44.0
4083,2.74
3902,3.49
3050,5.8
3784,6.58
935,9.45
3801,3.99
2182,18.5
1800,6.5
392,33.5
4758,3.01
333,3.45
5726,29.52
4505,2.7
1528,2.6
591,10.7
286,2.8
1626,6.26
4573,28.85
1219,6.57
5645,3.75
2344,5.9
4534,10.0
700,6.25
4463,5.8
4558,7.1
5032,3.5
4108,6.0
4103,6.39
4303,6.25
1369,4.75
5286,11.99
302,1.5
320,3.3
5437,6.98
3030,4.2
289,8.26
3722,5.85
3996,16.81
5283,65.81
3970,6.13
1444,5.25
1810,5.1
1351,4.28
5656,2.35
5277,16.0
1398,9.6
5505,0.8
1044,1.7
4282,14.6
4209,2.95
354,2.9
2086,34.08
3867,4.25
4290,6.95
598,2.9
4139,6.1
5459,3.75
2774,7.75
1979,1.45
582,20.0
1785,6.5
4908,4.25
536,4.9
2869,1.4
1565,8.25
295,20.26
3640,3.3
1479,10.5
1255,6.9
2059,56.73
1829,4.25
5388,10.0
2430,3.75
963,16.56
4256,2.0
4984,3.0
2478,1.6
1720,6.0
4281,4.75
993,5.5
3479,39.84
3553,4.45
3229,12.5
2567,8.0
193,5.35
198,1.5
3503,3.71
2438,39.0
256,13.75
2068,7.53
5233,16.5
4242,7.5
5523,7.4
4016,6.25
5237,3.9
1796,5.53
2282,4.1
3225,8.75
38,28.0
510,5.75
2498,8.25
673,6.6
2812,3.37
400,8.5
123,3.25
5219,5.85
3761,12.45
757,14.0
1474,32.1
3569,3.25
3558,16.0
1033,3.6
3409,4.25
5439,2.65
5629,9.45
2325,7.65
3714,4.75
2212,5.65
3871,34.0
4325,3.5
4259,6.95
3563,3.9
56,3.3
335,25.99
170,4.45
2796,5.4
886,43.74
561,10.88
3621,9.99
5166,6.46
2326,4.9
1392,0.75
1139,5.95
4442,21.0
3305,8.9
2666,12.0
4533,8.9
5361,2.95
5061,3.41
3468,6.54
2915,2.95
3211,8.89
951,1.05
5512,4.0
2865,6.25
340,6.75
784,4.5
4617,23.86
181,32.0
5711,6.85
4565,2.4
3214,7.0
4058,5.2
1697,2.75
594,1.95
5036,27.0
1807,3.25
5397,85.0
936,28.25
507,9.29
3840,3.0
5688,4.29
2596,2.78
3216,3.3
3883,18.5
439,8.92
2800,25.0
2380,3.7
3521,3.96
1040,4.55
1206,17.0
1035,20.5
1387,3.15
3462,22.2
4909,2.85
4260,7.03
5321,4.41
1624,6.0
1997,2.11
3293,9.25
2882,17.0
3947,1.5
3709,6.75
365,26.0
3857,6.1
4444,4.5
5854,17.56
5772,0.7
643,3.27
4072,6.37
3729,17.75
726,31.94
2927,6.95
1062,51.0
5141,3.35
5364,8.0
4606,23.5
5674,9.46
4979,4.6
5278,32.5
197,2.75
2768,0.45
4892,4.25
2215,2.35
4913,7.5
4687,4.5
3365,5.27
1614,6.75
1542,3.32
4361,3.9
1729,2.9
1322,3.75
5673,3.75
5014,3.75
2274,5.65
5587,7.9
573,16.5
3760,2.57
1120,3.0
2924,3.65
3442,25.64
382,11.0
3065,25.7
2594,14.25
75,29.5
3402,3.8
5087,29.0
3172,6.75
399,25.5
5291,2.95
3499,1.5
1510,16.13
2378,3.0
3222,13.75
1341,42.0
1164,20.4
1842,5.9
1990,2.8
378,62.81
2841,2.5
2510,4.5
5574,11.99
4406,3.95
909,20.5
2024,4.0
2987,2.4
4873,5.3
5171,35.0
2627,3.25
4917,11.75
4113,22.5
4647,4.72
4872,2.0
3345,3.45
2712,7.46
5403,2.5
303,2.85
2528,2.25
1407,7.5
1906,22.5
882,6.46
5740,5.8
3803,3.5
2842,6.0
2297,4.35
3811,4.0
1646,6.03
3654,4.61
108,3.91
3720,0.9
2204,19.5
224,6.8
1280,5.75
4858,3.21
3818,3.95
3965,3.1
5649,8.5
3509,3.5
346,3.5
2916,2.6
4631,2.55
1752,5.1
1897,8.29
1652,6.25
433,7.98
2396,6.0
3597,11.5
449,2.95
4821,3.9
5713,5.07
1890,3.15
2100,38.5
3533,4.21
4741,0.7
1811,1.6
4472,1.55
5303,16.5
4607,7.25
5843,0.6
5170,4.8
2634,31.0
4228,3.65
3360,4.65
178,1.25
2585,27.15
2496,6.75
348,2.75
4501,5.1
2509,4.35
5623,2.3
2811,10.44
1321,2.15
388,0.92
3379,4.98
1905,13.35
2071,8.65
2186,24.0
1532,13.75
5680,5.35
2244,5.21
3920,3.2
4453,26.52
2469,1.15
1577,2.51
4986,2.95
4465,25.0
1110,11.44
3244,2.4
2603,4.25
3634,5.25
4075,1.9
4235,50.22
3025,4.25
4808,28.0
4432,38.72
929,6.93
1662,28.03
1896,13.75
4208,18.0
5746,8.5
2794,6.5
4841,5.0
2311,2.65
4454,9.0
162,2.1
3562,5.95
5128,4.9
1781,7.8
4145,10.0
4914,25.81
2984,29.0
4826,2.11
343,3.91
4977,4.06
2161,3.95
3412,11.5
3027,5.34
5043,7.5
2782,6.4
5565,6.5
4503,26.5
3041,13.5
1984,3.85
2268,5.5
466,2.75
4965,40.47
859,35.0
3689,2.47
81,2.8
575,4.39
2614,13.5
1260,5.55
638,12.75
1891,8.5
2122,5.55
1605,6.35
2709,34.54
5263,8.49
2265,5.0
4360,6.5
3522,8.25
3627,3.0
1059,14.5
5181,6.28
4516,6.0
5760,7.35
5551,4.11
4833,2.8
94,3.45
3878,5.84
221,0.85
3476,6.25
5064,11.5
1987,9.45
217,39.41
3875,3.75
2424,2.75
2861,3.2
5449,13.5
2155,46.0
4636,10.99
5601,55.0
2405,33.66
2443,21.0
3834,2.7
1193,18.0
2884,6.15
2210,11.0
5508,6.9
4868,10.09
64,2.5
3908,5.2
2463,22.0
3955,40.5
5016,31.41
3226,8.87
2038,45.0
5110,37.9
3938,12.0
3929,2.0
3383,7.5
5114,1.6
3335,4.95
766,3.9
2247,22.99
2950,15.0
4065,4.3
3764,5.5
4659,10.8
5224,7.21
5852,4.0
4050,6.75
5529,1.99
839,50.29
2941,4.75
3482,1.75
4500,25.5
2411,9.5
1593,24.74
4796,5.75
2117,4.02
5466,4.0
2281,28.9
4679,22.0
2923,4.59
5578,3.1
2393,3.25
85,2.25
482,2.6
5047,6.5
1498,9.85
4772,2.5
2417,14.5
1967,2.59
2151,4.5
4351,6.0
4876,2.75
3269,5.75
90,5.5
3115,26.5
5314,5.15
1501,3.75
2952,3.75
858,5.5
713,8.15
5034,2.5
5637,6.25
5216,2.95
5729,7.5
1786,2.7
4974,8.5
3432,5.1
4515,1.46
949,3.1
3435,5.55
5217,6.75
4580,1.11
681,31.12
1303,2.9
5559,3.16
1907,5.25
3047,5.65
615,11.25
874,5.64
4822,5.65
4219,6.5
760,15.8
3351,7.34
699,3.52
4623,14.14
2521,3.15
509,2.98
2294,25.0
5851,2.96
3662,4.25
514,5.6
961,8.9
1354,14.49
1427,2.0
4681,2.65
3825,3.75
4480,6.59
972,5.37
2395,3.99
4991,2.5
4809,8.37
5791,6.5
2932,5.95
317,2.95
3461,5.25
4502,6.7
5454,15.0
5271,12.0
910,20.0
3200,2.59
3862,12.0
5318,0.75
770,17.63
175,6.89
4955,6.24
5362,3.45
450,3.26
3903,3.55
2028,8.41
3002,9.5
4823,29.95
2075,5.8
1210,6.15
1433,6.1
2148,7.75
2252,7.85
3427,14.5
311,1.8
1919,5.43
1878,22.24
4730,1.9
5434,7.5
3995,5.25
3763,7.75
5346,6.95
1933,23.5
2381,21.75
1659,3.7
1725,3.69
2093,4.75
2171,7.2
2513,4.52
5488,17.08
3209,4.9
55,3.99
2867,3.7
4943,8.95
499,4.95
2863,5.45
4395,3.77
5039,3.9
4693,15.75
5564,7.99
1211,11.25
4896,3.0
3739,7.65
3617,3.45
3364,45.73
2337,7.25
1838,79.0
5378,7.5
2062,25.0
3103,6.08
3453,6.21
2813,6.95
5238,5.8
1597,3.0
1396,9.2
4532,24.0
1461,7.79
4295,5.1
277,4.7
2686,17.92
2120,8.6
5748,2.7
3588,4.4
5276,2.6
341,0.95
5244,2.38
3382,10.3
5579,2.6
2447,1.36
3187,7.29
1245,1.15
3260,6.93
2835,5.85
688,7.5
3921,13.49
5580,5.09
4829,33.64
3940,2.5
3983,5.67
1699,1.85
3892,8.75
1242,1.5
5745,2.7
4230,6.25
4957,5.5
4938,58.91
607,12.46
5855,3.25
1349,2.4
2328,14.05
3168,8.94
2525,3.2
3846,4.65
987,5.39
419,25.82
2316,6.68
4778,8.85
2293,2.85
2352,4.12
3835,10.75
5105,12.13
955,2.1
1250,1.99
3919,3.45
1506,29.98
5229,25.75
4597,4.9
1774,4.45
5060,32.9
5117,7.23
3195,11.0
2289,5.5
3356,0.99
5281,23.68
222,3.32
1570,4.5
1471,34.5
1182,3.95
5609,7.9
3981,7.32
3113,10.5
2142,3.58
4077,4.44
568,5.95
761,8.25
5737,16.14
916,12.49
105,5.75
3021,1.75
3591,3.8
4063,3.9
539,29.5
1314,70.0
5507,4.5
3527,4.65
3536,9.5
4415,7.4
4392,4.75
4922,1.0
2755,32.64
5708,4.5
2426,1.5
852,8.65
5709,5.5
3861,5.4
5037,6.75
4763,6.0
408,2.25
856,3.41
2462,4.05
1086,22.0
3950,10.5
176,1.45
3544,10.64
2780,4.8
2544,5.25
2235,9.18
2677,7.5
1021,3.8
1143,2.25
5275,4.45
166,2.75
1107,44.0
2579,18.46
2346,15.0
5846,8.3
1884,8.99
3492,5.25
3797,5.75
932,39.5
386,28.0
2125,7.41
201,3.0
4640,1.25
3917,5.75
1390,8.01
2450,8.0
677,1.2
456,23.0
4495,4.0
4181,4.5
3948,7.0
3452,16.0
2092,31.99
3190,1.5
3283,2.15
3039,21.5
1332,3.0
690,54.0
1700,3.85
3624,3.89
907,2.1
5355,5.3
803,3.5
5201,15.5
3086,28.5
3794,3.85
5140,0.85
2514,12.75
765,4.32
854,5.5
5514,12.6
111,3.35
5516,3.65
4825,6.0
4582,32.0
3242,5.7
4484,3.55
1409,4.9
1265,12.0
243,7.17
1948,2.75
3332,3.05
3193,3.32
1448,12.5
5546,3.65
5390,8.75
150,4.23
5354,4.61
1592,8.0
48,3.85
2564,2.9
2570,1.74
5030,6.87
1509,2.35
4712,4.0
725,35.68
3324,4.57
556,5.25
4412,7.21
72,3.48
3910,3.31
574,44.0
3202,2.45
3421,11.45
4172,32.52
5414,27.0
2592,4.25
3451,20.0
4578,8.4
103,3.9
5108,5.53
5754,6.5
398,13.05
3295,28.0
530,6.75
5547,11.0
2095,3.69
2320,45.61
2778,4.75
5199,4.3
4708,4.5
4885,7.48
3255,7.0
3767,2.65
3757,7.35
3446,5.8
2821,5.25
3773,8.9
701,24.75
5823,5.45
4714,3.1
3306,2.5
5662,38.0
2382,45.0
869,13.5
1064,3.65
3808,20.75
1625,3.65
1674,5.64
1558,1.3
2588,4.9
3486,3.3
4478,16.75
3651,2.15
4748,6.4
5304,3.5
3805,3.65
4440,12.75
1403,4.26
3035,2.8
5714,3.85
1293,11.05
3005,13.08
3388,11.6
1523,8.75
659,6.0
601,3.95
3494,9.22
2610,7.2
2322,7.85
4635,11.5
971,4.45
2748,4.99
4641,10.9
77,11.75
5164,3.28
5689,8.0
2766,2.8
4634,42.0
1470,4.25
5198,10.9
1855,30.0
3577,3.9
4657,30.0
946,3.3
3887,2.3
258,10.0
5818,12.85
2912,2.87
5284,4.99
553,4.45
3897,5.45
3628,9.25
76,4.5
248,5.95
4031,38.15
1135,4.65
5504,0.85
4768,3.39
5659,9.0
808,4.25
5175,4.5
5125,3.5
3959,6.22
4654,7.85
5792,6.4
0,1.75
5182,4.88
3842,6.0
2250,2.9
5338,2.9
5031,15.2
271,70.36
2707,4.73
2575,12.9
5210,3.0
5751,1.0
2180,2.35
5048,3.8
2526,6.69
915,8.44
5533,6.99
741,7.75
1053,4.7
5143,25.51
3347,4.5
4346,3.9
2107,11.6
5727,2.1
4554,11.25
164,33.66
2055,5.8
3637,5.8
4302,4.9
1066,6.01
2333,4.25
134,6.0
4035,6.5
443,7.2
2761,15.0
3905,2.7
5310,4.7
2847,4.25
3604,10.0
3812,3.95
3459,5.95
3531,4.1
1492,11.87
1657,16.5
969,4.3
3084,4.0
712,7.83
1400,9.35
827,14.5
4299,3.77
5563,45.0
3994,3.82
900,7.0
2846,1.9
1268,24.68
4232,8.85
5548,3.0
2911,1.7
2887,4.8
247,1.85
2787,9.92
4590,6.2
600,16.75
4927,3.05
2995,5.0
87,5.0
4671,11.0
620,35.84
3678,4.11
2065,7.89
2618,3.41
1188,1.35
238,4.75
609,20.5
5457,24.75
3684,6.2
893,7.75
5738,3.7
4155,3.31
3564,35.28
2464,27.87
2312,3.16
1361,3.1
586,12.5
2789,5.75
3642,26.0
3701,3.45
897,11.5
4735,2.5
606,4.5
2228,4.65
958,2.45
3093,7.25
219,8.92
5568,6.36
2492,18.5
3097,3.72
1887,11.5
2900,2.85
4086,2.25
5773,16.0
1648,3.96
1438,2.48
1832,3.25
1889,1.59
2373,2.85
706,8.5
1138,3.0
3334,2.3
203,3.25
2077,9.5
2857,18.25
211,8.9
3546,1.1
2060,9.95
4359,4.5
1945,2.95
5377,3.0
3864,3.0
585,9.45
4084,13.83
1477,9.15
5260,2.25
125,7.25
1974,7.75
2762,6.15
1619,3.5
4998,7.42
1559,4.42
2124,41.6
141,4.75
5111,2.4
4141,34.5
698,2.65
4611,4.0
5373,2.55
1357,43.78
2027,14.5
1706,5.99
1113,9.57
940,3.6
2864,2.7
1758,6.98
1989,1.99
296,4.25
3596,5.4
3014,24.63
4867,10.5
1732,13.12
357,8.25
746,39.47
5520,4.65
4186,5.5
2600,13.28
5837,2.2
3090,2.25
2877,4.25
3389,6.95
3814,7.0
2660,9.0
2866,13.28
3911,24.0
4388,8.43
3141,6.42
3746,7.45
795,13.9
1588,1.6
2533,0.5
2832,8.5
4367,6.0
4699,20.0
1300,8.4
2786,2.0
724,10.65
1522,8.5
1241,5.1
1545,5.5
3463,13.5
4980,3.96
4116,8.2
5497,4.75
1791,3.5
754,2.05
653,9.25
4906,1.55
336,5.25
3179,4.95
2242,17.0
3381,5.55
2385,3.96
4274,1.2
2035,5.89
427,2.6
1304,7.1
5270,3.75
4020,5.2
4150,6.2
88,16.5
1517,4.5
2962,55.7
5717,3.64
3192,7.77
4468,2.5
2457,0.95
2971,3.5
2465,8.75
4967,25.0
642,1.5
1766,7.95
3367,7.25
902,8.25
1846,24.94
5572,5.5
1203,6.3
648,6.0
4609,2.25
599,8.9
921,5.83
2136,29.6
5795,5.9
685,30.0
1401,2.6
722,23.5
4978,49.0
4386,12.99
3001,5.87
5235,5.25
831,6.9
5841,4.25
1595,36.0
3549,7.95
3600,3.9
3423,5.53
2295,10.36
3300,4.15
2936,4.5
1666,3.95
1124,5.98
768,5.85
284,3.1
1478,4.5
3299,5.75
5661,1.85
457,5.5
1267,21.56
16,5.4
405,2.25
5163,22.0
2829,2.3
4353,19.94
4098,9.0
3131,4.25
5442,6.5
888,3.65
3966,5.95
5664,9.66
4456,8.75
3100,14.36
339,3.75
2851,4.3
5663,5.11
5040,6.55
214,3.5
3590,4.75
4540,1.7
2758,2.0
671,55.54
773,4.1
801,2.75
848,19.92
1020,12.41
461,7.0
3085,4.65
1299,67.0
472,3.99
4561,4.18
2245,12.34
1513,6.95
745,15.65
3691,2.3
2041,4.1
3282,3.75
2586,10.5
1045,29.5
521,9.6
4800,35.0
1972,10.75
805,2.75
4785,4.5
3744,5.77
2872,2.7
4297,3.25
4192,2.15
4021,7.52
687,3.5
4107,4.65
2700,4.75
3275,17.5
1541,3.02
169,19.0
5797,6.5
3778,5.95
1365,5.45
3297,8.6
5786,5.25
270,4.21
26,4.25
3900,6.45
4994,3.5
4377,2.6
2487,2.5
2197,12.9
2959,5.36
3420,9.18
2617,5.7
5288,9.5
2355,20.28
5092,5.48
5406,11.0
1630,4.86
3762,12.63
4865,7.0
2029,5.45
1834,4.3
2721,4.4
49,5.5
3310,2.25
829,13.96
3322,23.5
4038,3.0
4677,18.0
1067,2.8
420,3.74
1952,2.2
2069,39.45
5358,9.5
1047,64.0
3487,32.0
1386,19.92
5650,38.76
3149,23.41
5344,4.25
1669,7.5
3024,2.9
5,2.35
421,22.0
5584,11.0
2467,11.92
2049,3.9
1920,31.62
3731,1.5
218,2.65
1104,2.0
1735,10.4
2387,3.55
74,6.46
621,1.25
3930,4.27
587,6.9
5543,3.28
4498,4.9
5029,7.5
379,3.25
161,6.25
3263,4.9
5581,2.3
4057,56.0
545,25.5
4170,2.65
550,19.0
1918,4.74
1050,3.25
467,3.0
4133,1.1
5251,3.7
4283,17.5
1841,8.89
1773,35.0
5554,2.35
5299,4.01
5654,4.75
1628,7.8
1114,3.5
5409,11.94
4343,1.11
1551,5.21
5613,9.75
17,5.99
2226,7.5
5538,8.85
1289,5.29
658,1.55
1658,7.8
596,17.5
299,3.65
5537,2.49
4171,3.0
1563,3.25
2997,29.8
2871,3.78
234,6.9
3286,11.15
3745,1.95
280,28.0
3928,11.25
2870,3.5
1870,13.19
1131,8.25
5677,4.41
675,18.75
862,3.2
1499,49.0
3377,7.75
5290,23.0
1185,3.65
2646,7.9
2050,2.2
1399,5.5
2048,32.0
3514,36.83
5084,7.72
1090,5.75
5478,4.75
4935,11.85
1594,5.5
1852,5.1
5486,2.95
2664,1.2
517,1.0
2726,4.29
3552,1.0
5594,3.62
1663,5.44
3501,1.95
102,2.41
8,5.2
187,2.6
1691,5.04
4160,17.0
3957,29.64
4882,68.0
50,21.43
1378,2.75
2306,9.74
4040,1.97
2578,5.5
2330,9.2
3326,3.2
5618,6.8
616,10.79
5431,3.0
2678,3.74
1226,11.0
2653,3.9
2894,6.15
3832,5.0
5145,33.5
489,4.25
4494,13.78
1162,14.0
2070,5.84
2964,37.5
623,9.19
4093,12.36
4523,2.95
5393,20.11
863,6.85
59,2.25
2466,4.79
1976,3.75
3194,4.94
735,1.6
3603,5.75
2460,36.75
3551,6.95
4427,2.89
112,11.11
5752,6.37
2141,3.6
4380,8.75
860,9.75
1782,27.75
4797,9.75
5476,6.85
3070,6.69
2818,20.5
5462,3.0
5495,4.5
4557,7.5
5148,5.15
1764,5.5
2999,4.0
4009,36.0
4818,9.72
4039,6.67
5309,1.9
4473,2.59
3574,8.25
5703,1.3
819,7.25
2236,1.74
2810,5.86
3392,5.65
4190,4.45
4952,5.98
4834,8.3
676,1.28
1099,5.04
3622,8.2
2757,35.0
3659,5.35
5743,6.8
1137,2.95
3525,6.25
4273,5.95
1362,2.55
149,8.5
2878,4.9
2379,3.6
2713,3.49
1435,22.0
5017,6.0
1540,11.0
5009,9.58
152,2.5
4674,37.92
4479,1.9
1230,5.5
1815,3.6
3250,6.7
1586,12.75
236,8.09
5339,2.4
2858,18.5
2729,18.75
984,2.25
498,27.5
100,9.8
3670,13.5
1777,8.9
1285,1.6
5138,5.63
1954,28.5
4255,3.5
5088,4.11
4345,11.0
3038,2.45
1645,22.25
595,4.35
5614,6.0
4716,4.29
5443,8.0
2990,2.95
4439,9.25
4528,6.14
708,19.86
5063,5.9
2502,13.23
5542,3.2
2945,3.5
5372,3.14
2982,5.99
3782,3.25
2848,26.5
1141,2.5
3436,19.48
5469,11.5
2167,3.05
2074,5.7
777,6.5
2131,8.0
2087,8.1
2888,2.3
53,3.85
4705,3.46
1555,4.0
1334,10.75
4790,3.8
4517,3.0
614,3.5
3615,3.5
1953,41.0
2805,13.9
4487,36.64
266,3.75
619,5.7
892,2.5
1296,4.5
2412,31.8
3789,6.6
4903,7.99
3408,4.95
3281,2.15
4639,9.48
1189,6.32
2201,2.65
4830,0.91
2047,5.25
5576,11.66
1228,6.45
2202,2.25
158,7.9
4871,4.91
3728,9.5
4390,8.95
4678,5.56
39,5.0
1336,6.5
3656,4.05
716,3.19
287,20.25
60,16.5
4999,4.63
79,4.5
5322,2.0
374,2.5
5814,2.8
817,6.25
5066,3.5
4959,50.66
2283,7.22
4047,3.5
30,7.75
1943,17.02
1740,12.75
3663,4.45
1995,14.5
1550,6.21
1928,1.51
237,18.5
4527,22.0
322,1.5
4213,2.5
4200,1.8
36,8.63
4350,5.99
4307,5.75
4452,1.95
3264,4.5
1520,2.96
4226,7.75
785,5.5
3817,1.25
5756,43.3
107,19.25
1690,3.3
3477,11.4
4207,4.07
5438,5.75
4156,5.44
3287,8.9
5100,4.5
1068,4.0
5631,11.0
1412,6.69
2475,7.57
3962,2.15
635,9.25
2211,5.35
605,9.0
3473,4.19
2473,19.5
4320,2.44
3856,10.82
4638,2.0
525,4.85
4856,3.25
2602,3.36
3170,6.9
5847,3.25
3119,8.95
3517,3.83
1609,10.15
1949,12.0
3874,39.05
2843,8.25
3704,3.45
2720,7.36
4381,5.41
4776,18.5
1187,23.0
92,3.5
898,9.25
3607,50.97
5774,8.0
4754,4.95
4074,2.6
1671,5.0
3847,7.85
4080,5.25
5799,11.9
3606,5.64
3162,6.2
132,1.6
3163,3.32
3210,2.25
4839,12.5
1074,2.69
3227,6.5
2689,7.4
1039,3.48
1705,2.65
5834,2.74
5767,5.9
1308,5.68
630,1.96
3647,7.02
674,6.99
3495,1.8
5209,9.31
767,5.2
4370,7.25
2880,4.25
3854,3.84
5268,6.5
3236,2.25
2165,4.75
344,27.3
253,61.29
1442,11.64
1673,3.99
1665,0.9
1152,2.3
3053,2.85
2776,33.13
4773,3.25
441,36.5
4727,5.7
1999,3.6
4851,8.86
4067,3.2
3548,18.5
5518,0.51
91,8.1
775,13.54
5078,14.4
63,10.0
2968,7.49
189,3.5
2563,6.44
4073,5.0
5234,1.99
1231,19.03
569,5.75
4538,7.2
5185,10.23
3205,7.9
952,7.0
4720,5.35
5635,22.0
1862,11.82
4539,2.98
3633,5.45
4131,5.5
1696,6.1
5583,4.4
1836,4.7
4198,7.56
1955,5.49
2752,3.0
366,3.2
4178,1.75
4112,2.93
5528,5.45
4246,2.2
5176,1.0
5249,36.0
5870,2.65
3540,5.44
1908,3.75
1381,2.45
5702,0.75
3393,3.25
113,20.0
3831,19.0
246,18.65
1183,3.57
5075,8.0
1931,9.0
5481,3.65
2318,8.11
4269,6.4
3252,4.4
4194,6.25
5496,4.0
1730,5.25
4910,56.14
1483,7.7
2534,5.75
672,29.0
1151,11.57
737,2.5
2737,5.5
2471,3.5
3366,3.5
1043,8.73
4989,60.75
4801,13.25
2353,3.8
608,4.65
1283,1.2
4138,1.95
4783,3.53
370,11.77
4510,4.5
890,58.0
5336,2.75
5701,10.48
4688,4.25
634,2.8
5658,10.0
5833,8.0
1833,2.8
2370,2.25
4459,3.79
925,3.65
5868,4.0
5644,3.25
3302,16.5
5183,3.7
2372,6.14
1298,8.75
5430,35.84
2489,4.4
5073,2.9
5005,7.4
4363,17.0
1939,5.5
3483,5.1
5074,5.75
5477,2.97
1222,6.95
970,2.6
3838,0.63
572,3.3
4531,11.75
612,29.5
2156,3.4
310,2.8
807,6.51
3694,5.85
3437,3.91
5419,34.0
2874,5.0
2920,2.5
533,9.5
3944,2.25
5643,3.05
2541,5.8
4982,3.75
5561,3.55
5718,20.0
1243,4.9
4968,7.95
1783,7.0
871,3.75
3357,24.0
3710,5.0
3078,31.55
4855,5.65
1644,70.8
3199,5.45
2930,2.3
826,10.99
428,13.77
485,32.0
4988,13.99
4567,9.31
4340,1.65
4713,4.75
3029,8.5
2164,22.0
912,6.5
2272,4.25
749,17.9
1768,6.25
2989,3.75
3870,3.6
5316,5.0
3543,3.85
5573,1.25
702,5.25
3145,11.52
121,7.75
2301,6.0
1664,6.2
1709,40.0
2291,7.95
4690,9.66
842,5.9
84,13.9
2608,3.75
4661,19.25
3439,6.89
2792,4.29
3748,3.25
5555,6.41
2428,38.5
4941,3.32
5747,7.75
4724,19.5
2234,2.0
4101,29.0
4382,8.55
3189,6.7
2102,3.55
4376,5.43
3009,2.35
3404,6.0
1244,2.9
5226,4.2
1672,3.6
3956,6.55
2495,4.5
3820,0.6
911,59.72
4566,4.25
4450,3.16
2740,7.83
4992,20.5
3802,18.75
4301,3.04
97,3.8
2542,6.95
3680,4.56
1207,4.35
5384,4.25
2058,3.25
3344,4.25
1508,3.5
3076,4.75
233,14.3
1746,12.99
5757,6.5
4742,6.83
1003,6.99
4349,4.3
1556,7.73
2406,2.8
2030,8.9
5736,11.85
3088,3.9
809,6.21
5569,9.5
2973,6.1
2855,14.22
4184,4.32
3568,3.41
3726,2.5
2139,24.36
3836,5.8
4305,27.0
1621,6.2
2222,11.03
2904,3.65
3816,4.5
1578,4.75
3219,13.69
1328,3.34
4218,8.4
3865,6.9
3417,2.35
1581,6.25
1604,3.49
1627,32.95
3414,4.1
5423,24.5
537,6.75
5468,6.25
1330,6.17
1180,3.25
5172,21.99
1481,5.45
3313,11.5
54,3.6
2116,3.25
763,15.54
4375,13.51
2940,1.75
3851,16.0
3257,4.45
355,2.9
3723,3.15
565,13.5
3822,9.8
1441,18.0
1529,4.3
3623,1.1
5038,1.5
1956,17.5
4285,6.04
2559,6.5
1215,4.8
3272,2.0
5001,3.8
1294,4.83
4126,21.66
5090,6.55
4504,3.9
2981,6.9
3824,8.25
5762,8.5
2581,1.0
790,7.75
557,12.3
25,4.25
3692,6.5
2831,4.8
4212,21.5
3469,3.1
3665,7.85
4549,4.25
5803,1.75
4407,9.75
5197,3.65
2744,28.0
835,4.5
2791,4.94
2576,7.0
2404,5.25
2781,6.0
3751,11.5
1951,2.3
3059,3.95
3289,12.0
3022,5.75
1640,8.0
5602,21.0
2583,5.96
3,6.0
1851,4.75
2365,4.85
2978,6.67
3317,13.99
204,4.75
512,6.8
5320,1.8
985,6.75
4541,52.0
325,3.4
4403,3.75
1432,8.7
661,4.7
588,5.8
857,2.7
3290,8.5
1445,2.95
2221,1.65
1450,4.0
2299,5.0
1930,5.95
5716,1.25
5058,16.25
1738,6.01
1968,26.75
411,8.5
2523,5.95
3062,1.99
1080,4.65
4513,2.21
2364,3.5
5588,29.3
4592,2.8
4280,8.95
3036,4.0
120,3.23
323,2.5
2547,4.5
1395,2.6
3667,8.0
4055,11.31
3173,4.1
5605,6.5
1601,3.4
3737,11.0
3567,7.5
3629,17.65
351,0.65
4815,9.8
1742,5.71
1531,24.9
3218,2.3
5509,4.0
3609,4.85
1958,6.64
4887,3.5
4247,12.83
4458,3.0
1112,30.42
174,1.5
904,6.5
1356,2.25
1159,25.0
1802,6.58
3809,12.5
4249,4.1
3734,4.38
4241,5.21
2885,9.25
4891,7.25
5012,11.5
5410,5.95
3776,4.25
3828,4.35
5741,4.65
1071,5.35
2540,17.55
5411,11.0
1689,6.8
1144,3.1
3498,4.94
1463,97.07
881,5.0
1103,16.5
4469,3.0
1382,6.35
3881,4.9
5771,3.35
3896,6.25
1608,6.25
4852,9.3
666,7.99
5391,4.57
167,42.5
2765,1.24
2630,51.52
5352,8.5
5097,12.5
3243,5.95
1116,4.85
692,8.5
1986,4.88
5781,0.55
1704,4.9
4279,3.75
1097,14.45
2624,3.5
4270,26.0
739,1.2
1901,4.45
4831,2.42
5758,2.25
2822,5.9
2595,3.41
3008,4.45
1950,3.67
2907,5.5
2287,8.85
3807,8.7
1993,9.75
1149,2.6
368,4.0
5617,16.95
5076,4.41
2837,7.36
4001,5.95
381,3.91
810,4.58
1459,16.5
5293,4.25
1060,3.45
4234,13.65
5150,4.75
1602,4.89
590,8.5
3932,14.52
488,18.5
3010,5.0
4691,6.85
4436,17.71
5106,3.25
2647,7.0
4041,2.8
4421,3.0
5193,7.25
5369,5.25
2749,17.98
644,18.0
4157,7.56
1983,2.49
1277,4.25
1331,2.5
1282,2.5
584,48.5
104,24.0
5789,5.49
2734,5.55
4791,6.75
4802,3.65
4602,29.5
1042,5.75
3016,7.9
4813,51.69
1978,1.5
2705,7.52
5759,9.95
5146,4.8
2535,11.5
3652,3.25
1917,12.5
1875,8.09
2566,7.21
3087,7.11
5189,5.5
5153,6.3
1717,4.55
3362,4.4
2844,44.83
4585,7.32
2134,5.05
5541,4.75
1005,11.0
1205,4.65
3343,4.11
818,10.5
1926,93.67
4238,9.75
1320,2.88
275,3.11
1290,5.75
3927,2.15
5480,42.75
3496,31.75
2317,3.5
2036,8.45
407,4.35
1716,14.12
148,9.86
5067,7.25
5517,6.83
3899,5.6
2657,6.75
709,4.9
157,6.2
4637,3.71
3850,1.25
2626,10.34
1446,2.65
4973,5.34
1600,5.75
440,20.37
2292,6.16
3079,10.25
2922,2.8
5725,25.75
5144,3.1
1992,4.3
1460,14.5
250,3.75
4389,47.5
4481,31.93
1915,23.5
2703,1.55
3231,8.75
1163,2.1
4135,17.09
184,4.04
1383,8.0
1419,27.0
3843,7.65
4309,11.0
4129,8.25
1650,5.5
3798,3.35
1494,5.0
4499,70.0
4862,18.9
4605,4.62
3614,30.72
1279,16.57
833,5.5
3358,6.1
4961,5.5
4339,19.4
1916,1.8
1488,4.25
4598,4.25
5501,2.95
5845,6.25
822,12.07
1573,4.5
5473,1.0
5257,4.95
3644,7.5
350,3.25
4258,3.6
1733,7.83
4396,4.25
3352,4.25
2615,5.1
4217,29.0
4966,16.1
3978,15.0
4849,6.25
4142,4.01
2896,3.1
2147,10.0
2845,10.5
2538,4.92
1745,8.5
1895,23.0
3682,5.27
1808,5.53
4734,32.78
5499,3.47
4333,17.95
3285,2.45
4264,6.21
4286,2.7
1585,2.5
1019,5.25
783,8.5
1849,7.27
5306,30.35
3292,4.25
1946,7.12
846,21.67
2269,65.0
5697,7.8
4939,8.0
2802,8.59
290,3.89
3858,3.1
4402,4.5
3698,22.75
2126,6.5
1366,6.0
4850,2.2
2313,2.05
390,53.83
1947,11.25
5836,13.5
3117,7.51
5429,4.25
3645,2.36
3312,4.35
4983,5.5
2158,2.1
548,29.98
834,5.35
2284,5.8
3589,8.27
4384,23.58
2081,31.0
2000,6.0
5446,4.55
2227,15.5
3133,7.7
4672,6.5
5816,1.7
1253,2.65
3266,5.8
926,3.7
3174,27.0
2113,4.4
4847,4.7
4626,2.75
5515,4.79
2349,6.2
1872,5.75
1965,5.5
2889,4.75
4149,1.4
5652,3.5
543,2.3
1234,2.3
2481,5.35
3636,14.2
968,4.5
2190,5.02
1102,5.65
1534,23.25
5332,1.26
1425,6.85
4853,7.57
1133,3.6
1229,15.75
813,4.09
2606,9.18
1405,11.75
4545,20.99
1324,3.6
2682,7.5
324,1.4
3398,6.72
4694,3.5
5590,5.35
5165,7.09
5154,2.4
5731,24.0
3349,1.85
2181,2.85
1079,5.88
3445,4.75
4496,4.33
1034,1.92
3912,2.5
23,1.87
1150,2.45
80,4.82
5451,15.0
2784,20.57
4804,9.7
209,45.0
4179,3.95
1883,2.45
1660,4.0
1197,6.5
3110,24.77
5024,3.38
5592,2.85
4460,6.0
4078,15.3
1598,6.75
3298,7.53
4476,9.75
1352,5.67
5211,5.5
1057,20.0
2914,4.5
2520,5.4
4771,8.4
5819,16.0
4627,5.85
4570,6.21
2101,5.49
2170,6.71
1015,5.88
62,26.7
3759,6.02
2042,6.25
4751,6.95
2699,7.5
1940,19.25
2704,5.85
551,5.0
1964,6.76
4990,4.5
4032,2.66
5113,2.65
1258,9.2
1784,64.87
4227,5.41
1683,6.2
3942,3.5
992,3.5
3786,6.14
2862,3.99
4814,8.0
3610,14.5
4319,3.84
4430,4.25
1857,18.49
2348,11.5
5156,4.25
2172,5.4
3508,2.95
4575,90.0
4508,2.49
4013,16.0
436,3.85
5871,2.5
1837,7.07
5728,3.71
4793,5.2
1794,3.8
5180,35.5
1840,3.25
2285,3.5
4026,8.02
5455,3.15
2745,13.0
5205,3.75
2910,9.25
3167,7.25
364,16.5
4736,43.0
5755,4.99
2195,3.8
1772,3.5
2988,3.0
3308,7.5
3873,1.3
1819,7.12
3431,45.0
1612,4.75
4686,7.25
734,1.8
1326,4.7
4929,3.75
1218,2.75
4014,12.13
230,18.12
4105,2.5
3033,8.61
371,37.0
5033,5.85
2735,6.4
3233,2.21
2437,3.82
5357,3.09
727,4.2
1710,2.7
2357,16.5
1524,3.08
779,5.6
787,2.3
3774,6.5
2073,2.5
5591,3.49
2253,54.45
4928,6.0
5642,3.3
2175,14.21
5685,8.11
5721,48.5
1835,1.55
750,5.08
2255,3.25
1348,5.1
650,4.65
5398,5.25
3693,3.25
3849,8.25
2643,2.99
4409,2.1
5824,26.76
4356,5.99
2986,2.21
4520,1.99
1030,1.5
1081,2.5
3105,20.25
2218,8.45
2143,2.5
5676,5.75
520,3.0
2403,4.45
4115,1.75
3159,4.5
1122,4.75
3993,57.0
5019,10.91
177,33.5
4584,23.0
1676,0.7
5858,7.43
3520,2.46
4023,35.82
3201,12.01
71,9.65
4646,1.1
5356,1.9
5693,7.9
873,8.07
73,6.92
279,5.25
1327,1.6
2184,3.0
540,10.5
2591,4.8
4036,2.4
5399,3.3
876,7.5
2681,7.05
1410,27.0
945,31.15
1771,8.65
2508,2.2
4722,2.8
4798,3.5
5599,5.5
5700,8.5
1016,13.5
5131,2.95
4782,10.0
2901,2.35
2149,6.45
2804,2.5
2918,15.5
2123,2.5
3686,10.17
3556,7.54
4252,9.06
2577,35.0
3355,27.75
1792,2.0
5848,7.75
979,6.1
3799,0.9
2728,4.11
5395,3.61
1899,30.5
397,19.0
3011,28.0
4296,2.45
2200,22.58
3733,17.0
4601,2.5
1562,5.38
5102,1.65
5178,16.75
5330,15.5
3253,4.25
5475,18.0
2146,1.75
1105,3.9
1580,2.1
3373,1.85
5465,72.0
3107,17.5
3632,23.75
2486,4.95
1027,7.25
747,1.5
2094,6.1
1238,18.9
3490,4.0
3410,10.94
855,2.6
5647,4.8
2335,6.0
1821,10.35
2288,2.0
1455,17.49
3258,2.4
2685,19.25
4451,3.9
4323,2.9
2343,23.0
3109,7.5
657,7.4
1428,0.9
5083,6.5
4313,6.0
5412,12.53
1192,0.9
2661,2.55
2827,75.0
5692,6.35
1411,8.91
3311,24.25
3700,26.0
5694,7.2
2655,3.0
2458,2.2
4318,3.1
705,3.25
4820,10.5
5062,4.15
5796,3.4
4563,3.15
764,2.35
1236,3.5
5657,3.4
1521,3.25
950,5.09
786,6.56
5002,15.75
5405,5.95
748,8.85
1941,3.95
2974,2.25
4719,13.95
3505,1.99
4042,2.65
5625,6.71
3074,1.6
1075,27.5
3516,9.9
4197,7.25
5120,14.29
622,2.65
2551,4.96
4556,4.5
1871,3.85
5724,4.4
3054,22.75
758,10.9
2675,2.5
5264,25.0
3769,3.2
5258,6.2
383,3.5
1414,4.5
3982,6.5
2091,5.34
5491,8.75
2008,6.7
5370,3.2
2109,2.25
3711,5.9
2097,14.5
5126,6.1
5730,9.44
624,23.5
3370,3.0
2203,16.0
4840,2.75
136,17.95
4669,36.0
4899,26.0
3042,3.1
506,37.56
719,4.9
5668,2.5
1208,14.82
308,4.45
5531,6.5
2623,27.5
3497,5.99
2937,39.75
2040,8.0
4612,5.1
5586,6.95
5798,6.0
3946,28.5
5416,4.2
2511,3.55
2814,9.9
5004,2.75
3447,44.5
5245,3.8
1530,8.35
966,1.45
603,4.29
5805,7.25
4490,4.35
2883,28.45
4124,26.0
5607,1.45
5161,30.0
3328,3.0
2409,27.43
5353,7.25
3649,7.11
1569,7.8
5305,5.43
1880,12.0
5027,2.75
1025,4.15
652,6.25
2687,3.6
231,2.65
4869,3.0
2121,4.0
4555,7.65
5011,4.29
4066,2.25
5169,49.79
654,3.15
1018,4.9
4416,5.15
1123,5.35
1316,2.78
3868,5.1
442,48.91
1632,7.06
3329,9.25
3166,6.5
3975,8.61
432,7.53
3171,5.9
5167,4.0
4486,1.65
4810,14.0
2965,4.07
435,2.25
140,2.85
3860,4.69
1174,13.9
3539,5.1
4572,8.22
2169,1.3
3315,4.99
4767,2.7
4049,9.0
229,6.27
4537,11.13
4102,5.42
523,5.75
4519,7.59
870,2.66
793,23.99
312,21.95
2635,35.98
2741,0.85
4750,0.85
884,1.52
5527,6.85
2946,6.3
532,3.29
2961,2.95
3730,3.75
4786,4.9
3125,4.51
4901,4.85
3338,2.65
2670,3.25
3082,4.25
1233,2.4
192,4.5
1574,5.0
42,5.58
2239,5.64
5632,2.6
4743,5.77
2254,4.75
4094,6.0
3073,6.84
2090,3.42
4019,11.56
41,1.53
1402,3.5
2208,29.93
3833,5.45
1421,1.5
4812,6.4
4206,10.9
4081,8.5
5212,13.3
1932,4.25
5269,4.35
1512,3.9
3169,7.34
2783,4.9
183,4.6
2628,5.0
3715,11.5
215,1.25
3559,1.4
5196,1.49
728,9.9
1707,2.4
1684,4.4
995,2.47
3987,25.02
2893,16.0
5524,3.25
1239,5.4
5057,5.25
2799,9.6
4870,12.0
896,5.53
2633,5.47
2731,1.59
4924,3.6
2992,4.9
5492,2.7
830,7.11
5218,2.44
4437,5.85
2531,11.5
3792,6.5
1437,5.27
2667,3.9
3206,6.25
5785,4.8
1584,0.45
376,4.65
4975,2.69
1843,4.95
2490,7.99
2917,3.0
738,6.7
1142,11.37
538,3.8
2429,2.15
404,70.99
133,17.22
4306,5.21
503,45.64
1240,2.95
1894,7.75
3713,29.5
2340,18.06
1447,4.0
1232,15.25
2324,3.75
3401,10.49
2698,3.31
796,18.95
4844,10.75
4946,29.0
953,2.5
283,6.7
5098,7.69
3348,0.9
4696,15.57
2277,3.2
2764,5.18
2891,2.5
3301,5.84
264,7.15
4474,4.0
1055,3.42
1136,9.5
4953,31.0
2067,6.0
980,11.65
3613,4.5
3418,9.15
828,3.11
5463,28.75
5292,4.9
2302,6.34
4947,3.25
3664,2.85
1248,3.4
422,1.45
3853,3.07
3156,3.15
1969,8.5
4420,1.5
1718,38.0
5687,5.85
1824,2.35
3254,25.93
1864,3.3
4088,2.87
4028,11.75
3419,2.9
5052,8.0
367,9.48
4838,0.53
4119,2.6
5862,19.75
1408,3.25
144,26.5
4011,3.41
5054,7.5
3026,14.5
101,2.7
1804,2.0
4201,11.5
2956,8.25
418,13.37
5487,5.5
889,5.25
645,6.3
4760,17.49
1420,7.5
4591,45.0
3855,4.2
2522,52.5
2568,3.5
5640,120.0
524,6.75
1106,14.5
4096,5.49
3631,3.45
5519,0.69
3323,3.11
1564,3.87
3641,3.0
5545,7.39
2359,79.0
494,13.56
4668,6.25
3396,1.55
2104,11.0
2248,40.0
5472,11.54
3143,5.75
1287,4.5
1925,4.7
5119,7.25
3043,5.49
1312,1.8
3114,13.0
2807,3.4
3526,5.0
2266,5.0
4718,1.1
823,18.6
3837,0.95
1084,5.25
3967,0.86
2631,8.62
3648,8.0
205,5.95
3572,11.95
4866,41.75
2590,3.63
3165,4.7
4774,3.25
2264,0.75
2733,7.87
4085,6.99
4769,5.69
3361,9.75
1647,4.9
2571,6.8
2034,5.4
4240,21.42
4883,5.5
3387,3.0
693,17.0
2769,3.25
3391,5.5
3880,3.25
5222,3.8
4159,5.53
2427,3.8
2162,6.75
4005,6.75
4364,3.5
83,3.25
2296,26.0
2767,5.23
1456,1.95
3958,4.34
5003,5.27
720,3.8
5231,4.69
2983,10.4
5866,4.83
4651,3.9
5129,3.69
662,6.5
5383,15.0
5424,7.97
3695,29.0
96,2.65
571,4.75
2485,6.1
5333,2.4
99,3.95
4342,6.5
4704,11.5
5636,4.9
5510,5.6
3197,4.17
3595,4.5
4122,4.35
372,8.75
1350,22.0
4338,56.8
2026,1.5
1278,1.9
960,5.85
473,15.5
1847,1.97
1246,2.3
776,56.0
131,11.5
3973,3.85
4755,9.62
1701,4.74
353,3.25
5839,0.85
4211,32.73
1763,36.0
4937,6.5
5456,5.0
3952,35.0
1583,6.0
4594,5.65
11,4.49
2515,20.04
3359,8.25
2926,18.5
2383,3.19
3425,12.5
3620,3.75
3280,2.4
4245,33.0
5483,13.5
3217,3.5
5401,35.0
3683,9.11
3964,20.87
2493,21.69
5340,4.75
2993,16.95
2432,2.95
4422,1.99
938,1.4
4254,6.6
5132,15.21
3150,19.25
2963,1.15
2684,11.6
2371,3.45
1998,7.6
5168,11.0
627,8.1
4932,4.05
1069,5.95
32,12.5
531,29.4
1788,3.9
402,0.8
2258,5.0
1685,2.1
913,7.5
493,2.3
3906,1.5
3581,36.0
5440,2.49
4070,2.95
1271,3.1
3657,0.8
2079,3.9
4287,6.75
4413,13.5
3230,16.8
843,9.43
4087,11.49
4860,6.5
1307,3.41
1761,24.5
4271,4.5
321,2.55
5000,1.09
2445,3.83
4633,3.01
106,5.25
117,16.75
2420,9.38
5296,5.5
2788,3.69
1736,4.35
3772,4.3
5593,5.35
3363,3.99
304,2.65
2873,3.2
3337,10.15
1994,5.9
356,17.75
5695,3.65
2025,4.45
756,4.55
1051,2.75
1525,41.5
4912,1.25
475,18.58
458,4.5
1582,10.6
943,1.25
5149,14.41
3554,6.99
5311,7.25
4680,22.0
5859,10.75
3464,13.5
2470,7.45
2994,12.5
997,3.5
4276,48.0
2401,17.5
5091,7.0
1536,1.65
3144,0.5
5053,6.26
1500,9.25
3247,3.85
989,1.85
905,5.75
1927,3.3
3721,3.5
4489,5.38
3046,3.25
5050,4.95
2440,2.2
1518,12.6
1436,2.65
4676,4.5
5696,6.35
4418,3.25
3688,14.28
3725,2.23
772,55.0
2398,7.75
2044,83.96
4056,4.5
2341,3.2
2898,42.91
2178,3.39
866,1.9
5464,14.49
5763,11.86
5669,6.95
2815,3.3
2434,1.85
5301,6.2
4017,2.75
3914,3.85
4836,2.9
1301,4.99
974,16.5
5809,15.5
4488,16.0
337,2.9
1759,5.25
5655,4.5
5779,22.99
2773,16.25
4438,17.27
798,3.15
1748,9.0
5765,21.5
4581,17.25
2760,39.0
4012,26.5
4294,3.75
501,8.0
5784,4.3
4958,2.1
4195,4.8
46,4.25
4846,2.9
2323,3.1
1634,3.22
3130,4.4
2037,4.0
3089,5.6
3859,1.0
570,19.0
1549,2.3
4293,3.75
2023,34.0
4525,2.5
240,3.5
3502,6.5
4792,8.75
2354,2.7
127,13.25
5723,5.25
70,14.5
5606,37.98
5133,6.3
2005,11.62
2053,2.41
762,8.5
3474,30.77
3075,21.73
5426,21.33
4354,2.9
2224,6.3
5130,3.98
5549,2.25
3346,22.5
5297,8.25
802,7.14
3108,2.1
2759,9.46
1795,17.25
3341,5.0
2476,4.4
3523,7.58
1765,5.89
1048,7.55
319,6.15
2273,14.5
1900,3.8
5118,2.6
2377,6.96
1809,10.9
3094,2.0
2560,5.49
3129,4.15
3440,3.47
1892,3.0
5433,5.65
3304,3.55
1140,4.0
799,6.45
4934,3.75
1372,4.0
4553,7.5
2976,4.95
4244,1.0
3619,17.5
1109,19.75
3890,48.76
655,2.3
154,11.25
5448,25.64
1780,6.22
1715,4.0
4893,5.7
1490,22.55
4529,16.0
3240,5.1
4079,8.2
2957,20.99
1714,5.85
3885,4.6
3504,5.0
496,3.76
3716,6.95
5698,1.4
1259,4.9
4125,2.5
2017,2.4
5274,2.6
1816,40.5
3500,3.25
2031,3.65
4784,1.35
2150,10.0
4803,5.25
4152,5.6
2374,3.25
711,2.9
680,5.64
861,4.25
721,4.0
5195,29.5
4824,3.0
3512,6.95
4153,9.5
5821,5.94
566,17.11
4018,6.0
2640,7.33
2332,20.5
4003,2.55
5230,16.59
139,13.49
2089,1.8
4993,3.9
2803,5.29
5489,6.85
2410,6.5
5829,8.11
2185,3.6
1546,6.75
4579,5.75
3441,2.85
5385,59.0
1281,14.0
3988,26.11
1049,3.95
5691,5.5
3154,4.65
715,6.25
212,26.0
2746,3.29
463,2.25
5626,9.6
10,9.95
3265,3.0
592,12.0
4127,2.99
1610,10.75
4162,2.65
4182,17.23
1225,24.0
2305,7.95
3155,4.65
4373,30.5
2106,8.42
4300,49.24
4942,2.78
4378,4.45
1476,5.5
1358,11.45
2270,5.11
2451,4.25
555,6.0
528,9.51
2793,3.0
4589,19.5
2958,17.5
4316,3.3
1535,5.75
3781,5.5
156,10.9
1083,6.85
3923,14.7
2674,12.9
781,6.35
5122,7.5
4482,7.25
481,4.25
40,1.25
755,4.08
2967,7.9
5683,2.45
3116,1.4
4025,6.22
2565,4.6
917,5.48
3823,5.91
2939,6.98
602,2.1
5236,5.4
3032,26.0
990,2.5
3138,15.25
5794,8.4
3755,9.0
4485,9.25
2453,16.61
4457,11.5
4945,7.9
4404,10.2
1793,5.35
4341,4.35
426,7.7
4261,16.5
5420,30.37
3653,70.66
313,49.0
2219,42.5
316,5.5
3582,7.5
5761,4.6
4595,5.9
2611,29.5
1822,7.0
65,13.5
4183,5.76
3331,2.15
145,23.32
4414,65.0
689,19.0
5575,2.5
1866,20.12
2642,4.4
519,3.85
1505,3.1
3669,2.75
4816,2.7
5022,3.95
3278,6.2
447,4.4
3072,1.55
4630,4.75
93,2.79
3535,14.35
3738,14.0
2275,22.5
3405,5.5
4447,6.8
5337,1.4
491,13.0
2056,13.52
4130,12.5
2645,6.63
4146,4.55
4128,2.61
1130,1.25
5620,42.83
986,9.4
5739,4.0
4665,3.2
4266,5.95
5566,0.75
4137,17.5
3270,6.2
4203,5.5
452,10.5
1146,6.5
2512,4.75
5142,4.11
2854,4.25
976,2.8
291,2.1
4006,6.95
1511,5.9
5471,10.11
2556,7.0
628,9.75
4764,10.19
2004,6.36
1273,43.0
1503,23.5
1343,11.5
309,3.7
5077,4.95
895,10.85
789,4.55
82,3.11
3426,15.5
5162,2.3
1885,3.15
5826,1.39
2808,5.5
1209,40.0
2619,2.4
294,20.77
453,8.26
5484,7.0
352,35.0
3213,5.65
2098,5.65
1431,16.5
2032,29.0
3333,11.5
4121,5.4
375,34.5
89,39.58
3810,1.89
832,7.77
2890,5.0
5348,13.82
5567,9.87
3080,27.36
5646,13.25
914,2.15
1132,2.71
3985,5.5
4662,5.5
4739,3.3
2944,10.85
1893,21.0
2278,4.5
4289,5.0
4596,5.0
5135,9.5
4464,13.5
4526,3.75
3904,9.0
2659,2.75
5221,3.8
20,18.55
640,4.65
3804,16.45
5184,3.45
434,39.0
5479,7.38
2368,10.45
4765,5.25
2390,30.0
5368,18.75
4148,2.15
3353,6.45
5712,5.5
3223,6.75
1251,2.5
4368,15.5
384,16.5
840,10.99
729,15.46
1859,4.75
2103,10.75
5619,2.95
1454,58.73
3611,5.5
1342,5.67
2194,4.65
583,1.45
1688,4.35
5503,8.41
3063,5.84
2262,2.99
1553,3.1
2743,8.19
4034,4.95
3749,3.85
5259,17.5
147,30.0
5742,15.0
3795,4.5
4004,3.7
5560,22.5
4613,12.5
3935,8.3
160,13.5
2127,1.2
3771,1.1
2499,20.14
251,2.6
2477,60.0
3775,3.5
300,2.05
2562,5.91
4163,17.85
4158,3.2
2613,12.0
3118,4.3
4877,4.33
5021,3.9
5349,5.65
4789,46.95
883,3.75
3246,4.0
2648,4.95
5415,9.95
1100,8.5
2574,5.99
4879,5.91
1726,5.45
327,7.5
782,4.95
3635,2.9
306,1.25
933,10.0
1491,5.2
14,17.5
1681,0.99
3018,8.25
3901,3.7
4698,2.25
171,23.0
5387,5.2
3056,4.64
4118,26.5
5577,0.53
5177,6.9
261,3.25
2676,3.65
235,10.75
872,32.0
5534,36.76
4900,5.5
4700,47.5
1457,3.0
1755,1.38
2006,43.6
3178,1.2
4399,4.16
3232,8.5
2697,8.25
4644,6.25
981,4.15
4658,19.9
2157,14.5
5612,22.0
5679,2.5
4400,38.0
5023,22.0
4948,5.9
4263,23.19
500,3.3
2975,5.95
3325,5.32
1881,18.0
1924,13.0
1160,2.65
4861,48.0
1970,23.0
1175,1.35
255,4.35
2934,47.7
2191,3.1
318,6.86
5252,13.5
